<?xml version="1.0" encoding="UTF-8" standalone="yes"?>
<addon id="plugin.video.talk.cz" name="TALK" provider-name="mikrom" version="1.3.0">
    <requires>
        <import addon="xbmc.python" version="3.0.0" />
        <import addon="script.module.requests" version="2.22.0" />
        <import addon="script.module.beautifulsoup4" version="4.6.2" />
    </requires>
    <extension point="xbmc.python.pluginsource" library="addon.py">
        <provides>video</provides>
    </extension>
    <extension point="xbmc.addon.metadata">
        <summary lang="cs_CZ">[COLOR limegreen]TALK[/COLOR] | Nejlepší české podcasty</summary>
        <description lang="cs_CZ">Sledujte [COLOR limegreen]STANDASHOW[/COLOR], [COLOR limegreen]TECH GUYS[/COLOR], [COLOR limegreen]JADRNOU VĚDU[/COLOR], [COLOR limegreen]ZA HRANICÍ[/COLOR], [COLOR limegreen]MOVIE WITCHES[/COLOR], [COLOR limegreen]DESIGN TALK[/COLOR] a další pořady z talk.cz pohodlně v Kodi.

Doplněk vyžaduje aktivní předplatné na TALK.cz.</description>
        <disclaimer lang="cs_CZ">Neoficiální doplněk bez přímé vazby na TALK TV. Poskytuje přístup k obsahu dostupnému na talktv.cz pro přihlášené uživatele. Veškerý obsah a ochranné známky náleží jejich příslušným vlastníkům.</disclaimer>
        <website>https://www.talk.cz/</website>
        <source>https://github.com/mikromcz/plugin.video.talk.cz</source>
        <platform>all</platform>
        <license>MIT</license>
        <language>cs</language>
        <reuselanguageinvoker>false</reuselanguageinvoker>
        <assets>
            <icon>resources/icon.png</icon>
            <fanart>resources/fanart.jpg</fanart>
            <screenshot>resources/screenshot-1.jpg</screenshot>
            <screenshot>resources/screenshot-2.jpg</screenshot>
            <screenshot>resources/screenshot-3.jpg</screenshot>
            <screenshot>resources/screenshot-4.png</screenshot>
        </assets>
        <news>[COLOR slategrey]Poznámka: Neumím programovat, a už vůbec ne v Pythonu. Drtivou většinu kódu vygeneroval Claude.AI. A leccos také GitHub Copilot :)[/COLOR]

1.3.0 (2025-01-26)
• Podpora TALKNEWS

1.2.0 (2024-12-30)
• Kategorie Ostatní
• Kompatibilita s ukládáním pozice přehrávání na webu - při přehrávání v Kodi se pozice průběžně ukládá na web, a video je z kontextové nabídky možné spustit od pozice uložené na webu.
• Rozšíření popisu videa (u některých videí na webu je dostupný rozšířený popis "Zobrazit více...", který se nyní zobrazí i v Kodi)
• Přidání položky "Informace o videu" do kontextové nabídky. Včetně "obsazení".
• V posledních, populárních apd. videích se zobrazuje název tvůrce
• Přidání položky "Přejít na tvůrce" do kontextového menu

1.1.0 (2024-12-26)
• Přidán webserver pro pohodlné zadání PHPSESSID přes webové rozhraní

1.0.0 (2024-12-24)
• První veřejná verze
        </news>
    </extension>
</addon>