<?xml version="1.0" encoding="UTF-8" standalone="yes"?>
<addon id="repository.mikrom" name="mikrom's repository" version="1.0.0" provider-name="mikrom">
    <extension point="xbmc.addon.repository" name="mikrom's repository">
        <dir>
            <info compressed="false">https://raw.githubusercontent.com/mikromcz/repository.mikrom/main/repo/addons.xml</info>
            <checksum>https://raw.githubusercontent.com/mikromcz/repository.mikrom/main/repo/addons.xml.md5</checksum>
            <datadir zip="true">https://raw.githubusercontent.com/mikromcz/repository.mikrom/main/repo/</datadir>
        </dir>
    </extension>
    <extension point="xbmc.addon.metadata">
        <summary lang="cs_CZ">mikrom's Kodi repository</summary>
        <description lang="cs_CZ">Repozitář pro TALK.cz a v budoucnu možná i další doplňky</description>
        <platform>all</platform>
    </extension>
</addon>
